Anger(R),Hate(R),Nervousness(R),Positive_Emotion(R),Care/Harm(R),Fairness/Cheating(R),Loyalty/Betrayal(R),Authority/Subversion(R),Sanctity/Degradation(R),Misinformation(E),Conspiracy(E),Engagement(C)
0.0524017467248908,0.1091703056768559,0.0524017467248908,0.2096069868995633,0.0964476821237291,0.0956805278652746,0.0893899923780433,0.0823272289314629,0.0879787560850524,-1.3007087330425613,0.0692566867131652,0.2324740562086413
0.034717494894486,0.1368277739959155,0.0466303607896528,0.2052416609938734,0.103850095589528,0.0985244613077537,0.0900163331152312,0.087450205623078,0.0852769964278304,-1.229830126400606,0.157648448124665,0.164480518883191
0.0290023201856148,0.0730858468677494,0.0429234338747099,0.1948955916473317,0.1011352197334378,0.098118991268335,0.0864451297095069,0.0848936509086632,0.0818144830774149,-1.0393768759378168,0.211287816420046,0.1563630269250981
0.0282781328684873,0.1657950803796242,0.0503583188068952,0.231067208987023,0.1088378660673759,0.1014345409714504,0.0917726866875173,0.0886630002391086,0.0903225165670896,-1.2922435520453623,0.1272446216143257,0.1951357271660219
0.0083060659451296,0.0578907626478731,0.0276868864837654,0.1301283664736974,0.1035570110379688,0.0959141723741443,0.0870928755885053,0.0846765148894612,0.0838024409780041,-1.2956389033635398,0.1301847308512274,0.1565184012540051
0.0216900135562584,0.1265250790781744,0.0375056484410302,0.2277451423407139,0.1134976816786525,0.1026167243354068,0.0927181219813784,0.0887645469420266,0.0865650531482293,-1.370855038361764,0.1094606473131278,0.1422304897822755
0.009676597911892,0.085816144639674,0.0267379679144385,0.166793990323402,0.0914156528776553,0.089652706200945,0.0831904731413544,0.0804105207959647,0.0761976789523352,-1.3356204026383374,0.1129510904808793,0.1475759487017245
0.0094353864734299,0.0695199275362318,0.0233242753623188,0.1258303140096618,0.0968517726651602,0.0984080561591589,0.0884267419818107,0.0853314293191505,0.0822018156444594,-1.5012195805071455,0.0686688795925487,0.1466808731755186
0.0150909325422417,0.0637172707339094,0.0482393912034051,0.1467818908809493,0.0891142487576779,0.0885240486437747,0.0806605898731329,0.0776344264259034,0.0753431517785482,-1.361552550446455,0.1100191699857262,0.1519050982411028
0.0215182307232516,0.1252241482367005,0.0639569635385535,0.3030484160191273,0.103105939880312,0.1106560234442255,0.0978128805368778,0.096235715953001,0.0859518202816954,-1.2739233424699548,0.1391278014893877,0.1098457377874779
0.0465976331360946,0.1789940828402366,0.0599112426035502,0.3113905325443787,0.1095079097781542,0.1135833940580502,0.1001335788100724,0.09907301155896,0.0915750263306365,-1.727831122709825,0.0446626688210268,0.115253546421201
0.0102389078498293,0.0511945392491467,0.0204778156996587,0.1092150170648464,0.107949528931406,0.1034131487321902,0.0904917597677061,0.0873277779517496,0.0838240589500721,-0.7968369797960779,0.3123477013611828,0.1631307220465646
0.018309186435281,0.099347237701003,0.0523801942365865,0.2044260468078331,0.1008750131365609,0.1087904366530791,0.0951844257033358,0.0933225533165688,0.0856047096701531,-1.4687610792803896,0.0694948073851366,0.1159011645231225
0.0090287945339189,0.0495363591996095,0.0422157149829185,0.1551976573938506,0.1000083167901113,0.096920444597589,0.0910071512124826,0.0858695082591769,0.0838118900895279,-1.4800547258776666,0.0779964304170329,0.1303705340615595
0.0037105751391465,0.0482374768089053,0.0371057513914656,0.150278293135436,0.1026690288235238,0.1023414292609218,0.0894874093124739,0.0912981132543534,0.0816734269082569,-1.485152604179537,0.0725529499501028,0.1101917473670575
0.0325626831650928,0.0817323347443829,0.0664278736567893,0.1996092478020188,0.0998864490627182,0.0912222501681965,0.0848075689107791,0.0808749600677006,0.0820510421858187,-1.2992323127960366,0.0991681319779765,0.1254186381883889
0.054072553045859,0.2607802874743326,0.0739219712525667,0.3080082135523614,0.10635975546074,0.1045464249563908,0.0949795278639209,0.094161262256779,0.0895180802387117,-1.1920406192339204,0.1678882736864334,0.1588292819356275
0.0101500441306266,0.0383936451897616,0.0300088261253309,0.087378640776699,0.0983639122454637,0.094759814003894,0.0855833573031167,0.082049422051486,0.0799947141038715,-1.2268860510384956,0.1409984847447574,0.1572704475419235
0.02004662004662,0.1072261072261072,0.0344988344988345,0.1696969696969697,0.1083133178147365,0.1045917487686333,0.0938666034790631,0.0918890707813146,0.090414693051029,-1.3681748736854948,0.1058576953688843,0.1605705065435469
0.0146609651802076,0.043982895540623,0.0342089187538179,0.142944410507025,0.0942738585275046,0.0867541376609659,0.082137611251644,0.0824779882729998,0.0745416123342873,-1.51182796993377,0.0644963321189786,0.1186150976621076
0.0,0.0,0.0,0.0,0.0942818426260682,0.0566831121988838,0.082888531063083,0.0670818987151605,0.0729085257225148,-1.212341878022863,0.1174902010579161,0.1228014017312726
0.0208124373119358,0.0852557673019057,0.1777833500501504,0.2003510531594784,0.0923445940759259,0.0947040644406091,0.0856940519356464,0.0847977465547507,0.0785439797623565,-1.4842844235034456,0.0669899540773774,0.1496366892421521
0.0276816608996539,0.0851211072664359,0.0411764705882352,0.2055363321799308,0.1003270923799035,0.1008427437005855,0.0901603496812665,0.0901620269963189,0.0833379489982337,-1.5493126057372677,0.0664719075360598,0.1508300846947744
0.0042402826855123,0.0477031802120141,0.0164899882214369,0.1009422850412249,0.1008239326720779,0.095509989806015,0.0851365475456683,0.0828562827671317,0.0826362479459084,-1.4711572985506902,0.0832113035635695,0.1209851264771828
0.0167301990681914,0.0883100381194409,0.0317662007623888,0.1207115628970775,0.0897417685668194,0.0861157006061089,0.0800011628835477,0.0785373198012483,0.0766158423303035,-1.3287468549299737,0.1047947183952623,0.1803773978591926
0.0079945180447693,0.0616719963453631,0.0175879396984924,0.1107811786203746,0.0926494102117304,0.0926180124028112,0.0871526565124415,0.0838191614956135,0.0783675110168107,-1.6357699787081397,0.0274150647123664,0.1475094378054542
0.0185399768250289,0.0892236384704519,0.0338354577056778,0.2551564310544612,0.0985782595687533,0.0948774115159407,0.0873253407751848,0.0874540817087538,0.0787264866999045,-1.5169788237578323,0.0632714760797086,0.1318624209206808
0.0079207920792079,0.0435643564356435,0.0267326732673267,0.0792079207920792,0.0941529911245828,0.0949572790285086,0.08514824039985,0.0830434173068552,0.0794575813870217,-1.4841408468263748,0.0825411637742883,0.1228766786076977
0.0041322314049586,0.0599173553719008,0.0144628099173553,0.1456611570247933,0.0928767832753291,0.0916912160280541,0.0873586534742394,0.0832767548921704,0.0757321711927398,-1.5135046120786784,0.0504685825495764,0.1755810028828661
0.0058164278621081,0.0356078876436374,0.0123421761952049,0.071073911193077,0.0859978856184315,0.0850046893168078,0.0791799954776209,0.0755657486799704,0.0723098369302044,-1.5117432225354486,0.0561337600606713,0.1648265525520828
0.0192307692307692,0.1338461538461538,0.0692307692307692,0.3030769230769231,0.1057297511438448,0.1087125467988237,0.0949775903173151,0.0893250345772228,0.0856843937529081,-1.1958862191773074,0.0852536146077389,0.1357101178899487
0.0244233378561736,0.1255088195386703,0.0508819538670284,0.1682496607869742,0.097367261844969,0.0905721952062464,0.0841609186752841,0.0809358888257995,0.0789144757465211,-1.0226829450719843,0.1885450072669758,0.1651035991253081
0.0533596837944664,0.0974967061923583,0.0665349143610013,0.1903820816864295,0.0949442995449919,0.0914591012666928,0.0848213469254654,0.0821123795943873,0.0791932757199624,-1.0971962446611292,0.1340167949096893,0.125599641126037
0.0182555780933062,0.1237322515212981,0.0446247464503042,0.2494929006085192,0.105420571122352,0.1018163597201903,0.0924165226423726,0.0904508270876873,0.0877472757127849,-1.2355206036949042,0.1367881722903955,0.1402688932163582
0.0090252707581227,0.0403880866425992,0.0214350180505415,0.126692238267148,0.0828462405663391,0.0789651763891349,0.0738432759001439,0.0709758678600041,0.0681365299687214,-1.1084498814341663,0.13850389433236,0.1299286145088012
0.0143513203214695,0.0683122847301951,0.0109070034443168,0.118828932261768,0.1005599545161549,0.0998077574548662,0.0875062405391469,0.0839317316251583,0.0815829275503459,-0.7912828219104502,0.3022131725271988,0.1466238615714184
0.0052083333333333,0.046875,0.01171875,0.0559895833333333,0.0990599705515993,0.0945985927437502,0.0910302784518996,0.0856645397998168,0.0828921801593613,-0.5886722736227574,0.3643656292515304,0.173879251940283
0.0189610389610389,0.0675324675324675,0.0179220779220779,0.0976623376623376,0.0935288287088274,0.1147442229138885,0.0989968874881139,0.1044391710672802,0.0802418626354474,-0.4683746361574178,0.4029114515182673,0.130515725098697
0.0161770966368667,0.0442741592166879,0.0221370796083439,0.1575138356747552,0.0862892501279501,0.0914095210372819,0.0838511176820044,0.0856780941088259,0.0711204437569817,-0.698023921872059,0.3442142485967847,0.1195817562144767
0.0185317177476835,0.1083392729864576,0.0384889522451888,0.16535994297933,0.1107764326724262,0.1067759618845688,0.0963934186373,0.0927275373479155,0.089613816025785,-1.5308566838839013,0.0699946270737004,0.1591436123401831
0.0052631578947368,0.0105263157894736,0.0157894736842105,0.0789473684210526,0.1001902820091065,0.0966279819052561,0.0835401900145449,0.0821879873639764,0.0776613924089143,-1.712554527395929,0.0327767966082627,0.0861412588473396
0.0173388850910446,0.08402212416879,0.0277173575290535,0.2635634826921881,0.1143660621468698,0.1146829410316982,0.0935170839864109,0.0880087349579008,0.0863862067412471,-1.359031569783053,0.1301055908753026,0.147102661969705
0.0168813860506441,0.1057307863171923,0.03243003109729,0.2216792536650377,0.1083730652689885,0.1134369012222994,0.0976952793268787,0.0987265412189203,0.0898375612160826,-1.257008506219074,0.1619989086551906,0.140851951926518
0.0075394105551747,0.0520904729266621,0.0411240575736806,0.115832762165867,0.089028516475039,0.0915834646506626,0.0809697425238719,0.0811598702420741,0.0733838124217418,-1.4756535024604729,0.0744229641322041,0.110434104413651
0.0149659863945578,0.0503401360544217,0.0489795918367346,0.1496598639455782,0.083739099082638,0.0783700898288457,0.0767778509532257,0.0714090857825058,0.0700252055542542,-1.2232325401887427,0.1182315203715133,0.1233600734351656
0.0366197183098591,0.1352112676056338,0.1380281690140845,0.4056338028169014,0.1014457718902518,0.0908945293372115,0.0858597030620253,0.0823391318036698,0.0811729080198851,-1.2702932369079465,0.129706533064384,0.1288661910048872
0.0368614255123891,0.1395686754359131,0.050015295197308,0.2516059957173447,0.1128314556841933,0.1144616548416559,0.0953012417565358,0.0936487021493738,0.0899788284656763,-1.4265951439247313,0.0935133111848863,0.1394200038908349
0.0098928276999175,0.0449299258037922,0.0123660346248969,0.072959604286892,0.0959884007641027,0.0920102431449171,0.0821318374732581,0.0806932841347634,0.0781789936548058,-0.4240360871233047,0.4420944223036273,0.2078805832410917
0.0127356087620988,0.1125827814569536,0.0463576158940397,0.2338257768721345,0.103933285462015,0.0946071848741622,0.0869900790424022,0.082395828912511,0.0843718141712766,-1.2661801075300434,0.1317047391536735,0.1578548456626245
0.0101137800252844,0.0467762326169405,0.0151706700379266,0.1725663716814159,0.1027800979949213,0.1032281074624224,0.0901293310516268,0.0890605976894362,0.0842118533858636,-1.339996855805053,0.1259603761795355,0.1383990678320972
0.0045283018867924,0.0588679245283018,0.0475471698113207,0.1630188679245283,0.0956467901121697,0.0855175616355555,0.0810510318543891,0.0735088119740573,0.0761918722622393,-1.039271810314222,0.1939765361530148,0.1124233517097669
0.0206653225806451,0.1517137096774193,0.0751008064516129,0.2802419354838709,0.1129975773087739,0.0987954553063436,0.0911917660234872,0.0870446339488888,0.0888496772443415,-1.4081462151890416,0.0836653178837183,0.1200473306691541
0.0199203187250996,0.0677290836653386,0.047808764940239,0.2310756972111553,0.0928859392804528,0.0854972456023604,0.087432822905344,0.0802885561781446,0.0788497944128504,-1.121385014881289,0.2234485134728024,0.1720038968514167
0.0059288537549407,0.0395256916996047,0.033596837944664,0.1462450592885375,0.0855626880174924,0.0791805676156038,0.0740394920174973,0.0698683755252538,0.0707350784123031,-1.2058484283268778,0.1523538887013331,0.1453528496474254
0.0144144144144144,0.1945945945945946,0.1009009009009009,0.4720720720720721,0.1105444610950172,0.1074464638500003,0.0921008067756969,0.089398724992882,0.0849692785064266,-1.5294132639291576,0.0557600006809111,0.1213955855274111
0.0049668874172185,0.053532008830022,0.0292494481236203,0.1616997792494481,0.0935511720314731,0.0910723164940414,0.0849297920774011,0.0828111113117215,0.0776684224617594,-1.5476841660688725,0.0420780287633692,0.0952047962225662
0.0150435471100554,0.0554235946159936,0.0443388756927949,0.2011084718923198,0.0903397134214524,0.0843815139371508,0.0807571197399783,0.0762613790125139,0.0756993151402834,-1.3751628153284363,0.1032813892836961,0.1454817707495191
0.0405594405594405,0.1342657342657342,0.0979020979020979,0.4153846153846154,0.1021706318156741,0.1054945426763008,0.0864648120434737,0.0859804786037626,0.0798221603081627,-1.4205803344209456,0.0810354242023377,0.0974892484955862
0.0201207243460764,0.0784708249496981,0.0221327967806841,0.1951710261569416,0.0999968932528484,0.0967049172144393,0.0860634410821386,0.0840162885930109,0.0809080862422471,-1.4268024038281517,0.0565717474099624,0.0962965637036874
0.0174306003873466,0.2149774047772756,0.0748870238863783,0.3531310522918011,0.1072199777461793,0.1040148176940926,0.0933194108787016,0.0878895717159049,0.0885287691052807,-1.4401394366075766,0.1003817718844164,0.146392497763395
0.0189729319504174,0.1194029850746268,0.0323804705287123,0.2539843157095877,0.1069242722998778,0.1117199972727135,0.0915672921199493,0.0876238657324902,0.0829764398599337,-1.2153839781325864,0.1701943239446617,0.1394209697518085
0.0141025641025641,0.0576923076923076,0.0269230769230769,0.1615384615384615,0.098949132999712,0.100875693877135,0.0859142271586055,0.0851143367254828,0.0795398001297216,-1.4245926997243568,0.1100332023410971,0.138220618094937
0.0226466575716234,0.0894952251023192,0.0362892223738062,0.1693042291950886,0.1018417358946036,0.0987379389812297,0.0909902148216651,0.0880596925726158,0.0840991225626028,-1.4215431101095712,0.0882930946100122,0.1520980726899796
0.0952999220981563,0.2147494157361724,0.0688132952479875,0.3689950662165671,0.0981631454966763,0.0958563641811821,0.0881336393179549,0.0863288575987653,0.0779807884798539,-1.2248171945506043,0.1498805008333674,0.1483158074121146
0.0089881869542886,0.0590652285567539,0.0356959424756034,0.1450950179763739,0.0937012897743104,0.08856975954939,0.0834085078696274,0.0791229117736619,0.0777788833833727,-1.283814167065891,0.1485178466667287,0.1334889015541936
0.0067114093959731,0.0218120805369127,0.0218120805369127,0.1392617449664429,0.0903883022408664,0.0852447890281475,0.0786965237038694,0.0755889746850672,0.0739368180436758,-1.4666109397699056,0.0884119650892537,0.0916672544787084
0.0205761316872428,0.0493827160493827,0.0411522633744856,0.2386831275720164,0.0945878462443666,0.0947227079333849,0.0849058829467394,0.0839056407418956,0.0753843005005753,-1.0577531044644908,0.1386613792720758,0.1317698723271095
0.0599571734475374,0.2655246252676659,0.0817987152034261,0.4796573875802998,0.1020994403223288,0.1046425171273149,0.0931305179467892,0.091573760973767,0.0855479472318882,-1.4416663615083964,0.0781672972237797,0.1498469666925574
0.0123456790123456,0.0617283950617283,0.037037037037037,0.0987654320987654,0.0869911235061506,0.0827238480887832,0.0843577504774615,0.0731226790048463,0.0728015121051928,-1.440144956692358,0.0898264174192452,0.1407985528284762
0.001101321585903,0.040748898678414,0.0121145374449339,0.1123348017621145,0.0851461055213768,0.0793427820061727,0.0729154018394578,0.0709130328460565,0.0689974380921164,-1.3078049880999982,0.114355852686086,0.114558009370576
0.0274198876775685,0.1103402708952758,0.051205814337628,0.1810373306904525,0.1033576521530859,0.100634867961022,0.0931469531126244,0.0913262113153801,0.0851671394868754,-1.5158255360255055,0.0703414272390793,0.1337335820675312
0.0166830225711481,0.085377821393523,0.056918547595682,0.1315014720314033,0.0902764003812874,0.0858499756167521,0.0795095122779198,0.0758434365010901,0.0740657195631361,-1.447934273829432,0.0590648748209881,0.1376900941827552
0.0175233644859813,0.1004672897196261,0.0829439252336448,0.2091121495327103,0.1070598783902835,0.1075460324897894,0.0899157805835728,0.0870816082753748,0.0862120911586784,-1.439918477810727,0.0730020741599041,0.1334079040114734
0.0091352009744214,0.06394640682095,0.0523751522533495,0.154993909866017,0.1012265200055907,0.0946043482048386,0.0869354461050322,0.0836544311718749,0.0822263085818869,-1.3320313383025009,0.1299247672929032,0.1359527713733211
0.0106783919597989,0.0527638190954773,0.0177973199329983,0.1154731993299832,0.1039046752180138,0.1007743896634881,0.0891290754257334,0.088859208724641,0.0837554488993899,-1.1262109020033322,0.1786127122882349,0.1368005379249261
0.0158730158730158,0.0158730158730158,0.0476190476190476,0.1587301587301587,0.1056325573294596,0.09873032102605,0.0861649901939903,0.0821400635489067,0.0794262811594752,-1.5175486004273535,0.0633414671132657,0.1106980680637897
0.0112079701120797,0.0647571606475716,0.0386052303860523,0.2092154420921544,0.101843916328408,0.0912100892591883,0.0863973438713297,0.0822954111058764,0.0799003740114764,-1.3560593396713327,0.1153583254087855,0.1365497223587609
0.0662613981762918,0.2522796352583586,0.0984802431610942,0.5671732522796352,0.105079984887132,0.108494508405818,0.0945825280018776,0.0944612760936861,0.0871073733195677,-1.5788136071268917,0.0254758534031449,0.1273315691172618
0.0074237560192616,0.0337078651685393,0.0086276083467094,0.0941011235955056,0.0900709038522725,0.0840925088542366,0.0779246585663808,0.0752903267402609,0.0739028179717346,-1.453252056201169,0.0815204791238636,0.1464439690450953
0.0211640211640211,0.1005291005291005,0.1058201058201058,0.2962962962962963,0.1022317583742601,0.0931050801284237,0.0873523141979831,0.0816244041387665,0.0857434681046385,-1.188425392429155,0.1660426775079313,0.169283345225223
0.0156805690268347,0.1343355965082444,0.077109602327837,0.2612350468800517,0.1136856098025815,0.104043664719897,0.0941709642590725,0.0877525299713504,0.0911242045282037,-1.2687044549254114,0.1142490920416353,0.1364244677742358
0.0036764705882352,0.096813725490196,0.0324754901960784,0.1488970588235294,0.102115748933054,0.0964275664584091,0.0875720337012499,0.0843051709126703,0.0827020652551649,-1.2810010963019836,0.1046316554829804,0.1441197370617033
0.0163612565445026,0.0791884816753926,0.0381762652705061,0.1601221640488656,0.1012694694711941,0.0956723999426277,0.0886302496150294,0.0856691511187312,0.083869447099023,-1.431889258055154,0.0868434980765224,0.1575278866393968
0.0108514190317195,0.0392320534223706,0.021702838063439,0.1151919866444073,0.099515146385987,0.0936712291866736,0.0872182725449906,0.0822748512168652,0.0783303669454393,-1.5319347819541846,0.0659154636389367,0.1486088703502554
0.0112359550561797,0.0674157303370786,0.0393258426966292,0.1404494382022472,0.0961260389606954,0.085974455849334,0.0822033778811642,0.0759020580616483,0.0789353608233458,-1.2362453668076223,0.1186710705265095,0.1216538024986398
0.0195881466599698,0.1054746358613761,0.0376695128076343,0.227021597187343,0.1021677566647766,0.10151497677717,0.0905459510965014,0.0881418104878095,0.0833247376200891,-1.4542554181071443,0.0777268154755181,0.1283499041390931
0.0490167302612268,0.3843557381860875,0.1747872028177282,0.5569415908423834,0.1111605171399228,0.1057362326102962,0.0944645399569101,0.090687476261037,0.085172092616014,-1.447622451978853,0.0448006293540566,0.0983777868918397
0.0105448154657293,0.0966608084358523,0.0421792618629174,0.2337434094903339,0.1023787567876123,0.1009196754069605,0.0891564739809526,0.0868932143190705,0.080318307325986,-1.3651298063316952,0.1111324176260261,0.1095616789303846
0.0088235294117647,0.0852941176470588,0.0294117647058823,0.1764705882352941,0.0943871514492954,0.0924948369828159,0.0818556645292623,0.0786771168303243,0.0773273698755345,-1.0622003847105048,0.1848898363373435,0.1610766665012012
0.0068493150684931,0.0298879202988792,0.0454545454545454,0.1145703611457036,0.083593482116833,0.0803599234959734,0.0757448612225192,0.071265944599979,0.070804198846506,-1.2946775086643862,0.1211893212971297,0.1534226030969478
0.0115830115830115,0.0553410553410553,0.0797940797940797,0.2548262548262548,0.0937158417396066,0.0812822514656679,0.08001033506184,0.075113466193461,0.0748377098996995,-1.3015155743437654,0.1375054942069909,0.1122911721169269
0.0142450142450142,0.0809116809116809,0.0336182336182336,0.1629629629629629,0.1058390435368094,0.1090952088938071,0.0924544014282313,0.0927177249429814,0.086400230795685,-1.459462370443185,0.0836808393877256,0.1385425448856875
0.0,0.0,0.1111111111111111,0.2222222222222222,0.0812310727534204,0.0796201381332141,0.0729287410765942,0.068292008923638,0.0536809179617785,-1.28125,0.1875,0.0934675726361456
0.0280065897858319,0.0914332784184514,0.0329489291598023,0.1787479406919275,0.1082672491155216,0.1131502033287095,0.0947449214892393,0.0918946411651445,0.0871235702271696,-1.6767038432885757,0.0644369257842178,0.098360364202999
0.0011961722488038,0.09688995215311,0.0179425837320574,0.1363636363636363,0.0999693718305689,0.0995282390145761,0.086011634643424,0.0851798481371,0.0783521728083716,-1.322514796594997,0.0548018281922165,0.1067691549615736
0.0122791900043084,0.0891856958207669,0.036245152951314,0.1959823352003447,0.1089135402806198,0.1116229167162061,0.0911962924619231,0.0891094028456979,0.0840447736785083,-1.4497650035842105,0.088579868761886,0.1110656123648025
0.0372807017543859,0.1535087719298245,0.1206140350877193,0.3399122807017544,0.1046451164820668,0.100454184769418,0.0949455981627906,0.0904205352684313,0.0876051087436865,-1.4780765802301266,0.0807138103657729,0.1562800674399641
0.0145772594752186,0.097667638483965,0.086734693877551,0.25,0.1000966004647039,0.0928000351650243,0.0874499854576407,0.0833349664123495,0.0809999912744554,-1.326621102205336,0.1203987289814907,0.1038641728222918
0.0274356103023516,0.141097424412094,0.0425531914893617,0.2648376259798432,0.105472150920236,0.1035489453212248,0.0928184434278838,0.0905850354044441,0.0862773217562412,-1.482121856342716,0.0714061030116558,0.1212863150793027
0.0213903743315508,0.1586452762923351,0.1942959001782531,0.5187165775401069,0.1075392957637673,0.1045227790124106,0.0962771601891609,0.0895231096567567,0.0920942388343402,-1.055227280793153,0.1578323605788943,0.1295630599307613